title,link,latitude,longitude,depth,magnitude,time,timezone,description
"ประเทศเมียนมา Myanmar",https://earthquake.tmd.go.th/inside-info.html?earthquake=15381,20.611,97.63,10,2.1,2025-08-29T20:55:52.000Z,Asia/Bangkok,"[EN] Micro Earthquake (2.1 ML) - SAFETY ADVICE: No action required: These micro-earthquakes are rarely felt and pose no danger. They are only detectable by seismographs.

[TH] แผ่นดินไหวระดับMicro (2.1 ML) - คำแนะนำความปลอดภัย: ไม่จำเป็นต้องดำเนินการใดๆ: แผ่นดินไหวขนาดเล็กมากเหล่านี้แทบจะไม่รู้สึกและไม่ก่อให้เกิดอันตราย สามารถตรวจพบได้โดยเครื่องวัดแผ่นดินไหวเท่านั้น"
"ประเทศเมียนมา Myanmar",https://earthquake.tmd.go.th/inside-info.html?earthquake=15380,18.985,96.463,10,2.6,2025-08-29T12:57:59.000Z,Asia/Bangkok,"[EN] Micro Earthquake (2.6 ML) - SAFETY ADVICE: No action required: These micro-earthquakes are rarely felt and pose no danger. They are only detectable by seismographs.

[TH] แผ่นดินไหวระดับMicro (2.6 ML) - คำแนะนำความปลอดภัย: ไม่จำเป็นต้องดำเนินการใดๆ: แผ่นดินไหวขนาดเล็กมากเหล่านี้แทบจะไม่รู้สึกและไม่ก่อให้เกิดอันตราย สามารถตรวจพบได้โดยเครื่องวัดแผ่นดินไหวเท่านั้น"
"ประเทศเมียนมา Myanmar",https://earthquake.tmd.go.th/inside-info.html?earthquake=15379,19.078,96.434,10,3.4,2025-08-29T12:43:43.000Z,Asia/Bangkok,"[EN] Minor Earthquake (3.4 ML) - SAFETY ADVICE: No special actions needed: Earthquake likely only felt by sensitive individuals at rest, especially on upper floors of buildings. Be mindful of your surroundings and stay informed.

[TH] แผ่นดินไหวระดับMinor (3.4 ML) - คำแนะนำความปลอดภัย: ไม่จำเป็นต้องดำเนินการพิเศษ: แผ่นดินไหวมักจะรู้สึกได้เฉพาะบุคคลที่ไวต่อความรู้สึกขณะพัก โดยเฉพาะบนชั้นบนของอาคาร ให้ระมัดระวังสิ่งรอบตัวและติดตามข้อมูล"
"ประเทศเมียนมา Myanmar",https://earthquake.tmd.go.th/inside-info.html?earthquake=15378,19.218,96.507,10,2,2025-08-29T06:02:09.000Z,Asia/Bangkok,"[EN] Micro Earthquake (2.0 ML) - SAFETY ADVICE: No action required: These micro-earthquakes are rarely felt and pose no danger. They are only detectable by seismographs.

[TH] แผ่นดินไหวระดับMicro (2.0 ML) - คำแนะนำความปลอดภัย: ไม่จำเป็นต้องดำเนินการใดๆ: แผ่นดินไหวขนาดเล็กมากเหล่านี้แทบจะไม่รู้สึกและไม่ก่อให้เกิดอันตราย สามารถตรวจพบได้โดยเครื่องวัดแผ่นดินไหวเท่านั้น"
"ประเทศเมียนมา Myanmar",https://earthquake.tmd.go.th/inside-info.html?earthquake=15377,22.268,96.387,10,3.3,2025-08-29T03:29:17.000Z,Asia/Bangkok,"[EN] Minor Earthquake (3.3 ML) - SAFETY ADVICE: No special actions needed: Earthquake likely only felt by sensitive individuals at rest, especially on upper floors of buildings. Be mindful of your surroundings and stay informed.

[TH] แผ่นดินไหวระดับMinor (3.3 ML) - คำแนะนำความปลอดภัย: ไม่จำเป็นต้องดำเนินการพิเศษ: แผ่นดินไหวมักจะรู้สึกได้เฉพาะบุคคลที่ไวต่อความรู้สึกขณะพัก โดยเฉพาะบนชั้นบนของอาคาร ให้ระมัดระวังสิ่งรอบตัวและติดตามข้อมูล"
"ประเทศเมียนมา Myanmar",https://earthquake.tmd.go.th/inside-info.html?earthquake=15376,21.366,97.528,10,2.8,2025-08-29T00:14:18.000Z,Asia/Bangkok,"[EN] Micro Earthquake (2.8 ML) - SAFETY ADVICE: No action required: These micro-earthquakes are rarely felt and pose no danger. They are only detectable by seismographs.

[TH] แผ่นดินไหวระดับMicro (2.8 ML) - คำแนะนำความปลอดภัย: ไม่จำเป็นต้องดำเนินการใดๆ: แผ่นดินไหวขนาดเล็กมากเหล่านี้แทบจะไม่รู้สึกและไม่ก่อให้เกิดอันตราย สามารถตรวจพบได้โดยเครื่องวัดแผ่นดินไหวเท่านั้น"
"ประเทศเมียนมา Myanmar",https://earthquake.tmd.go.th/inside-info.html?earthquake=15375,20.013,98.029,10,2.1,2025-08-28T21:19:34.000Z,Asia/Bangkok,"[EN] Micro Earthquake (2.1 ML) - SAFETY ADVICE: No action required: These micro-earthquakes are rarely felt and pose no danger. They are only detectable by seismographs.

[TH] แผ่นดินไหวระดับMicro (2.1 ML) - คำแนะนำความปลอดภัย: ไม่จำเป็นต้องดำเนินการใดๆ: แผ่นดินไหวขนาดเล็กมากเหล่านี้แทบจะไม่รู้สึกและไม่ก่อให้เกิดอันตราย สามารถตรวจพบได้โดยเครื่องวัดแผ่นดินไหวเท่านั้น"
"ประเทศเมียนมา Myanmar",https://earthquake.tmd.go.th/inside-info.html?earthquake=15374,22.536,96.168,10,4.1,2025-08-28T05:06:13.000Z,Asia/Bangkok,"[EN] Light Earthquake (4.1 ML) - SAFETY ADVICE: Stay alert: Be aware of possible light shaking. Secure loose objects that could fall. No immediate action typically needed, but be prepared to take cover if shaking intensifies.

[TH] แผ่นดินไหวระดับLight (4.1 ML) - คำแนะนำความปลอดภัย: เตรียมพร้อม: ระวังการสั่นไหวเล็กน้อยที่อาจเกิดขึ้น ยึดวัตถุที่อาจร่วงหล่น โดยทั่วไปไม่จำเป็นต้องดำเนินการทันที แต่เตรียมพร้อมที่จะหาที่กำบังหากการสั่นไหวรุนแรงขึ้น"
"ประเทศเมียนมา Myanmar",https://earthquake.tmd.go.th/inside-info.html?earthquake=15373,18.834,96.549,10,2.2,2025-08-27T22:51:45.000Z,Asia/Bangkok,"[EN] Micro Earthquake (2.2 ML) - SAFETY ADVICE: No action required: These micro-earthquakes are rarely felt and pose no danger. They are only detectable by seismographs.

[TH] แผ่นดินไหวระดับMicro (2.2 ML) - คำแนะนำความปลอดภัย: ไม่จำเป็นต้องดำเนินการใดๆ: แผ่นดินไหวขนาดเล็กมากเหล่านี้แทบจะไม่รู้สึกและไม่ก่อให้เกิดอันตราย สามารถตรวจพบได้โดยเครื่องวัดแผ่นดินไหวเท่านั้น"
"ต.บวกค้าง อ.สันกำแพง จ.เชียงใหม่ Tambon Buak Khang, Amphoe SanKamphaeng, ChiangMai",https://earthquake.tmd.go.th/inside-info.html?earthquake=15372,18.686,99.086,2,1.3,2025-08-27T18:58:38.000Z,Asia/Bangkok,"[EN] Micro Earthquake (1.3 ML) - SAFETY ADVICE: No action required: These micro-earthquakes are rarely felt and pose no danger. They are only detectable by seismographs.

[TH] แผ่นดินไหวระดับMicro (1.3 ML) - คำแนะนำความปลอดภัย: ไม่จำเป็นต้องดำเนินการใดๆ: แผ่นดินไหวขนาดเล็กมากเหล่านี้แทบจะไม่รู้สึกและไม่ก่อให้เกิดอันตราย สามารถตรวจพบได้โดยเครื่องวัดแผ่นดินไหวเท่านั้น"
"ประเทศเมียนมา Myanmar",https://earthquake.tmd.go.th/inside-info.html?earthquake=15371,18.724,96.38,10,3.5,2025-08-27T17:32:13.000Z,Asia/Bangkok,"[EN] Minor Earthquake (3.5 ML) - SAFETY ADVICE: No special actions needed: Earthquake likely only felt by sensitive individuals at rest, especially on upper floors of buildings. Be mindful of your surroundings and stay informed.

[TH] แผ่นดินไหวระดับMinor (3.5 ML) - คำแนะนำความปลอดภัย: ไม่จำเป็นต้องดำเนินการพิเศษ: แผ่นดินไหวมักจะรู้สึกได้เฉพาะบุคคลที่ไวต่อความรู้สึกขณะพัก โดยเฉพาะบนชั้นบนของอาคาร ให้ระมัดระวังสิ่งรอบตัวและติดตามข้อมูล"
"ประเทศเมียนมา Myanmar",https://earthquake.tmd.go.th/inside-info.html?earthquake=15370,19.603,96.38,10,2.2,2025-08-27T06:04:51.000Z,Asia/Bangkok,"[EN] Micro Earthquake (2.2 ML) - SAFETY ADVICE: No action required: These micro-earthquakes are rarely felt and pose no danger. They are only detectable by seismographs.

[TH] แผ่นดินไหวระดับMicro (2.2 ML) - คำแนะนำความปลอดภัย: ไม่จำเป็นต้องดำเนินการใดๆ: แผ่นดินไหวขนาดเล็กมากเหล่านี้แทบจะไม่รู้สึกและไม่ก่อให้เกิดอันตราย สามารถตรวจพบได้โดยเครื่องวัดแผ่นดินไหวเท่านั้น"
"ต.แม่ฮี้ อ.ปาย จ.แม่ฮ่องสอน Tambon Mae Hi, Amphoe Pai, MaeHongSon",https://earthquake.tmd.go.th/inside-info.html?earthquake=15369,19.344,98.537,3,2.4,2025-08-27T01:44:58.000Z,Asia/Bangkok,"[EN] Micro Earthquake (2.4 ML) - SAFETY ADVICE: No action required: These micro-earthquakes are rarely felt and pose no danger. They are only detectable by seismographs.

[TH] แผ่นดินไหวระดับMicro (2.4 ML) - คำแนะนำความปลอดภัย: ไม่จำเป็นต้องดำเนินการใดๆ: แผ่นดินไหวขนาดเล็กมากเหล่านี้แทบจะไม่รู้สึกและไม่ก่อให้เกิดอันตราย สามารถตรวจพบได้โดยเครื่องวัดแผ่นดินไหวเท่านั้น"
"ต.ธารทอง อ.พาน จ.เชียงราย Tambon Than Thong, Amphoe Phan, ChiangRai",https://earthquake.tmd.go.th/inside-info.html?earthquake=15368,19.707,99.699,3,1.5,2025-08-27T01:40:05.000Z,Asia/Bangkok,"[EN] Micro Earthquake (1.5 ML) - SAFETY ADVICE: No action required: These micro-earthquakes are rarely felt and pose no danger. They are only detectable by seismographs.

[TH] แผ่นดินไหวระดับMicro (1.5 ML) - คำแนะนำความปลอดภัย: ไม่จำเป็นต้องดำเนินการใดๆ: แผ่นดินไหวขนาดเล็กมากเหล่านี้แทบจะไม่รู้สึกและไม่ก่อให้เกิดอันตราย สามารถตรวจพบได้โดยเครื่องวัดแผ่นดินไหวเท่านั้น"
"ประเทศเมียนมา Myanmar",https://earthquake.tmd.go.th/inside-info.html?earthquake=15367,21.976,96.475,10,3.6,2025-08-26T22:45:07.000Z,Asia/Bangkok,"[EN] Minor Earthquake (3.6 ML) - SAFETY ADVICE: No special actions needed: Earthquake likely only felt by sensitive individuals at rest, especially on upper floors of buildings. Be mindful of your surroundings and stay informed.

[TH] แผ่นดินไหวระดับMinor (3.6 ML) - คำแนะนำความปลอดภัย: ไม่จำเป็นต้องดำเนินการพิเศษ: แผ่นดินไหวมักจะรู้สึกได้เฉพาะบุคคลที่ไวต่อความรู้สึกขณะพัก โดยเฉพาะบนชั้นบนของอาคาร ให้ระมัดระวังสิ่งรอบตัวและติดตามข้อมูล"
"ประเทศเมียนมา Myanmar",https://earthquake.tmd.go.th/inside-info.html?earthquake=15366,19.261,96.343,10,2.5,2025-08-26T15:11:57.000Z,Asia/Bangkok,"[EN] Micro Earthquake (2.5 ML) - SAFETY ADVICE: No action required: These micro-earthquakes are rarely felt and pose no danger. They are only detectable by seismographs.

[TH] แผ่นดินไหวระดับMicro (2.5 ML) - คำแนะนำความปลอดภัย: ไม่จำเป็นต้องดำเนินการใดๆ: แผ่นดินไหวขนาดเล็กมากเหล่านี้แทบจะไม่รู้สึกและไม่ก่อให้เกิดอันตราย สามารถตรวจพบได้โดยเครื่องวัดแผ่นดินไหวเท่านั้น"
"ประเทศเมียนมา Myanmar",https://earthquake.tmd.go.th/inside-info.html?earthquake=15365,20.35,98.423,10,2.2,2025-08-26T09:57:47.000Z,Asia/Bangkok,"[EN] Micro Earthquake (2.2 ML) - SAFETY ADVICE: No action required: These micro-earthquakes are rarely felt and pose no danger. They are only detectable by seismographs.

[TH] แผ่นดินไหวระดับMicro (2.2 ML) - คำแนะนำความปลอดภัย: ไม่จำเป็นต้องดำเนินการใดๆ: แผ่นดินไหวขนาดเล็กมากเหล่านี้แทบจะไม่รู้สึกและไม่ก่อให้เกิดอันตราย สามารถตรวจพบได้โดยเครื่องวัดแผ่นดินไหวเท่านั้น"
"ประเทศเมียนมา Myanmar",https://earthquake.tmd.go.th/inside-info.html?earthquake=15364,22.262,96.301,10,4.1,2025-08-26T04:33:28.000Z,Asia/Bangkok,"[EN] Light Earthquake (4.1 ML) - SAFETY ADVICE: Stay alert: Be aware of possible light shaking. Secure loose objects that could fall. No immediate action typically needed, but be prepared to take cover if shaking intensifies.

[TH] แผ่นดินไหวระดับLight (4.1 ML) - คำแนะนำความปลอดภัย: เตรียมพร้อม: ระวังการสั่นไหวเล็กน้อยที่อาจเกิดขึ้น ยึดวัตถุที่อาจร่วงหล่น โดยทั่วไปไม่จำเป็นต้องดำเนินการทันที แต่เตรียมพร้อมที่จะหาที่กำบังหากการสั่นไหวรุนแรงขึ้น"
"ประเทศเมียนมา Myanmar",https://earthquake.tmd.go.th/inside-info.html?earthquake=15363,18.305,96.225,10,3.6,2025-08-25T18:20:58.000Z,Asia/Bangkok,"[EN] Minor Earthquake (3.6 ML) - SAFETY ADVICE: No special actions needed: Earthquake likely only felt by sensitive individuals at rest, especially on upper floors of buildings. Be mindful of your surroundings and stay informed.

[TH] แผ่นดินไหวระดับMinor (3.6 ML) - คำแนะนำความปลอดภัย: ไม่จำเป็นต้องดำเนินการพิเศษ: แผ่นดินไหวมักจะรู้สึกได้เฉพาะบุคคลที่ไวต่อความรู้สึกขณะพัก โดยเฉพาะบนชั้นบนของอาคาร ให้ระมัดระวังสิ่งรอบตัวและติดตามข้อมูล"
"ประเทศเมียนมา Myanmar",https://earthquake.tmd.go.th/inside-info.html?earthquake=15361,19.677,96.188,10,2.6,2025-08-25T03:07:31.000Z,Asia/Bangkok,"[EN] Micro Earthquake (2.6 ML) - SAFETY ADVICE: No action required: These micro-earthquakes are rarely felt and pose no danger. They are only detectable by seismographs.

[TH] แผ่นดินไหวระดับMicro (2.6 ML) - คำแนะนำความปลอดภัย: ไม่จำเป็นต้องดำเนินการใดๆ: แผ่นดินไหวขนาดเล็กมากเหล่านี้แทบจะไม่รู้สึกและไม่ก่อให้เกิดอันตราย สามารถตรวจพบได้โดยเครื่องวัดแผ่นดินไหวเท่านั้น"
"ต.กื้ดช้าง  อ.แม่แตง จ.เชียงใหม่ Tambon Kuet Chang, Amphoe MaeTaeng, ChiangMai",https://earthquake.tmd.go.th/inside-info.html?earthquake=15362,19.229,98.826,1,1.2,2025-08-25T03:04:12.000Z,Asia/Bangkok,"[EN] Micro Earthquake (1.2 ML) - SAFETY ADVICE: No action required: These micro-earthquakes are rarely felt and pose no danger. They are only detectable by seismographs.

[TH] แผ่นดินไหวระดับMicro (1.2 ML) - คำแนะนำความปลอดภัย: ไม่จำเป็นต้องดำเนินการใดๆ: แผ่นดินไหวขนาดเล็กมากเหล่านี้แทบจะไม่รู้สึกและไม่ก่อให้เกิดอันตราย สามารถตรวจพบได้โดยเครื่องวัดแผ่นดินไหวเท่านั้น"
"ต.กื้ดช้าง อ.แม่แตง จ.เชียงใหม่ Tambon Kuet Chang, Amphoe MaeTaeng, ChiangMai",https://earthquake.tmd.go.th/inside-info.html?earthquake=15360,19.241,98.809,1,2.6,2025-08-25T02:54:22.000Z,Asia/Bangkok,"[EN] Micro Earthquake (2.6 ML) - SAFETY ADVICE: No action required: These micro-earthquakes are rarely felt and pose no danger. They are only detectable by seismographs.

[TH] แผ่นดินไหวระดับMicro (2.6 ML) - คำแนะนำความปลอดภัย: ไม่จำเป็นต้องดำเนินการใดๆ: แผ่นดินไหวขนาดเล็กมากเหล่านี้แทบจะไม่รู้สึกและไม่ก่อให้เกิดอันตราย สามารถตรวจพบได้โดยเครื่องวัดแผ่นดินไหวเท่านั้น"
"ประเทศเมียนมา Myanmar",https://earthquake.tmd.go.th/inside-info.html?earthquake=15359,20.317,98.071,10,2.4,2025-08-25T02:04:53.000Z,Asia/Bangkok,"[EN] Micro Earthquake (2.4 ML) - SAFETY ADVICE: No action required: These micro-earthquakes are rarely felt and pose no danger. They are only detectable by seismographs.

[TH] แผ่นดินไหวระดับMicro (2.4 ML) - คำแนะนำความปลอดภัย: ไม่จำเป็นต้องดำเนินการใดๆ: แผ่นดินไหวขนาดเล็กมากเหล่านี้แทบจะไม่รู้สึกและไม่ก่อให้เกิดอันตราย สามารถตรวจพบได้โดยเครื่องวัดแผ่นดินไหวเท่านั้น"
"ประเทศเมียนมา Myanmar",https://earthquake.tmd.go.th/inside-info.html?earthquake=15358,18.952,96.335,10,2.3,2025-08-24T23:22:45.000Z,Asia/Bangkok,"[EN] Micro Earthquake (2.3 ML) - SAFETY ADVICE: No action required: These micro-earthquakes are rarely felt and pose no danger. They are only detectable by seismographs.

[TH] แผ่นดินไหวระดับMicro (2.3 ML) - คำแนะนำความปลอดภัย: ไม่จำเป็นต้องดำเนินการใดๆ: แผ่นดินไหวขนาดเล็กมากเหล่านี้แทบจะไม่รู้สึกและไม่ก่อให้เกิดอันตราย สามารถตรวจพบได้โดยเครื่องวัดแผ่นดินไหวเท่านั้น"
"ต.แม่ฮ้อยเงิน อ.ดอยสะเก็ด จ.เชียงใหม่ Tambon Mae Hoi Ngoen, Amphoe DoiSaket, ChiangMai",https://earthquake.tmd.go.th/inside-info.html?earthquake=15357,18.81,99.134,1,1.3,2025-08-24T23:06:30.000Z,Asia/Bangkok,"[EN] Micro Earthquake (1.3 ML) - SAFETY ADVICE: No action required: These micro-earthquakes are rarely felt and pose no danger. They are only detectable by seismographs.

[TH] แผ่นดินไหวระดับMicro (1.3 ML) - คำแนะนำความปลอดภัย: ไม่จำเป็นต้องดำเนินการใดๆ: แผ่นดินไหวขนาดเล็กมากเหล่านี้แทบจะไม่รู้สึกและไม่ก่อให้เกิดอันตราย สามารถตรวจพบได้โดยเครื่องวัดแผ่นดินไหวเท่านั้น"
"ประเทศเมียนมา Myanmar",https://earthquake.tmd.go.th/inside-info.html?earthquake=15356,21.522,96.255,10,3.4,2025-08-23T21:42:09.000Z,Asia/Bangkok,"[EN] Minor Earthquake (3.4 ML) - SAFETY ADVICE: No special actions needed: Earthquake likely only felt by sensitive individuals at rest, especially on upper floors of buildings. Be mindful of your surroundings and stay informed.

[TH] แผ่นดินไหวระดับMinor (3.4 ML) - คำแนะนำความปลอดภัย: ไม่จำเป็นต้องดำเนินการพิเศษ: แผ่นดินไหวมักจะรู้สึกได้เฉพาะบุคคลที่ไวต่อความรู้สึกขณะพัก โดยเฉพาะบนชั้นบนของอาคาร ให้ระมัดระวังสิ่งรอบตัวและติดตามข้อมูล"
"ตอนเหนือของหมู่เกาะสุมาตรา ประเทศอินโดนีเซีย Northern Sumatra, Indonesia",https://earthquake.tmd.go.th/inside-info.html?earthquake=15355,2.148,96.718,10,5.5,2025-08-23T19:24:55.000Z,Asia/Bangkok,"[EN] Moderate Earthquake (5.5 ML) - SAFETY ADVICE: Take precautions: Stay away from objects that could fall. Expect minor damage to well-built structures. Find safe locations to shelter. Be prepared for aftershocks. Check news sources for updates and instructions.

[TH] แผ่นดินไหวระดับModerate (5.5 ML) - คำแนะนำความปลอดภัย: ใช้ความระมัดระวัง: อยู่ห่างจากวัตถุที่อาจร่วงหล่น คาดการณ์ความเสียหายเล็กน้อยต่ออาคารที่สร้างอย่างดี หาที่หลบภัยที่ปลอดภัย เตรียมพร้อมสำหรับแผ่นดินไหวตาม ติดตามข่าวสารเพื่อรับการอัปเดตและคำแนะนำ"
"ประเทศเมียนมา Myanmar",https://earthquake.tmd.go.th/inside-info.html?earthquake=15354,19.017,96.31,10,2.5,2025-08-23T14:20:20.000Z,Asia/Bangkok,"[EN] Micro Earthquake (2.5 ML) - SAFETY ADVICE: No action required: These micro-earthquakes are rarely felt and pose no danger. They are only detectable by seismographs.

[TH] แผ่นดินไหวระดับMicro (2.5 ML) - คำแนะนำความปลอดภัย: ไม่จำเป็นต้องดำเนินการใดๆ: แผ่นดินไหวขนาดเล็กมากเหล่านี้แทบจะไม่รู้สึกและไม่ก่อให้เกิดอันตราย สามารถตรวจพบได้โดยเครื่องวัดแผ่นดินไหวเท่านั้น"
"ประเทศเมียนมา Myanmar",https://earthquake.tmd.go.th/inside-info.html?earthquake=15352,19.36,96.219,10,2.7,2025-08-23T01:26:28.000Z,Asia/Bangkok,"[EN] Micro Earthquake (2.7 ML) - SAFETY ADVICE: No action required: These micro-earthquakes are rarely felt and pose no danger. They are only detectable by seismographs.

[TH] แผ่นดินไหวระดับMicro (2.7 ML) - คำแนะนำความปลอดภัย: ไม่จำเป็นต้องดำเนินการใดๆ: แผ่นดินไหวขนาดเล็กมากเหล่านี้แทบจะไม่รู้สึกและไม่ก่อให้เกิดอันตราย สามารถตรวจพบได้โดยเครื่องวัดแผ่นดินไหวเท่านั้น"
"ประเทศเมียนมา Myanmar",https://earthquake.tmd.go.th/inside-info.html?earthquake=15353,19.744,96.3,10,2.6,2025-08-22T21:54:34.000Z,Asia/Bangkok,"[EN] Micro Earthquake (2.6 ML) - SAFETY ADVICE: No action required: These micro-earthquakes are rarely felt and pose no danger. They are only detectable by seismographs.

[TH] แผ่นดินไหวระดับMicro (2.6 ML) - คำแนะนำความปลอดภัย: ไม่จำเป็นต้องดำเนินการใดๆ: แผ่นดินไหวขนาดเล็กมากเหล่านี้แทบจะไม่รู้สึกและไม่ก่อให้เกิดอันตราย สามารถตรวจพบได้โดยเครื่องวัดแผ่นดินไหวเท่านั้น"
"ประเทศเมียนมา Myanmar",https://earthquake.tmd.go.th/inside-info.html?earthquake=15351,19.139,96.539,10,2.7,2025-08-22T20:23:29.000Z,Asia/Bangkok,"[EN] Micro Earthquake (2.7 ML) - SAFETY ADVICE: No action required: These micro-earthquakes are rarely felt and pose no danger. They are only detectable by seismographs.

[TH] แผ่นดินไหวระดับMicro (2.7 ML) - คำแนะนำความปลอดภัย: ไม่จำเป็นต้องดำเนินการใดๆ: แผ่นดินไหวขนาดเล็กมากเหล่านี้แทบจะไม่รู้สึกและไม่ก่อให้เกิดอันตราย สามารถตรวจพบได้โดยเครื่องวัดแผ่นดินไหวเท่านั้น"
"ประเทศเมียนมา Myanmar",https://earthquake.tmd.go.th/inside-info.html?earthquake=15350,19.067,96.985,10,2.4,2025-08-22T19:26:10.000Z,Asia/Bangkok,"[EN] Micro Earthquake (2.4 ML) - SAFETY ADVICE: No action required: These micro-earthquakes are rarely felt and pose no danger. They are only detectable by seismographs.

[TH] แผ่นดินไหวระดับMicro (2.4 ML) - คำแนะนำความปลอดภัย: ไม่จำเป็นต้องดำเนินการใดๆ: แผ่นดินไหวขนาดเล็กมากเหล่านี้แทบจะไม่รู้สึกและไม่ก่อให้เกิดอันตราย สามารถตรวจพบได้โดยเครื่องวัดแผ่นดินไหวเท่านั้น"
"ประเทศเมียนมา Myanmar",https://earthquake.tmd.go.th/inside-info.html?earthquake=15349,23.35,94.16,10,5.4,2025-08-22T11:56:15.000Z,Asia/Bangkok,"[EN] Moderate Earthquake (5.4 ML) - SAFETY ADVICE: Take precautions: Stay away from objects that could fall. Expect minor damage to well-built structures. Find safe locations to shelter. Be prepared for aftershocks. Check news sources for updates and instructions.

[TH] แผ่นดินไหวระดับModerate (5.4 ML) - คำแนะนำความปลอดภัย: ใช้ความระมัดระวัง: อยู่ห่างจากวัตถุที่อาจร่วงหล่น คาดการณ์ความเสียหายเล็กน้อยต่ออาคารที่สร้างอย่างดี หาที่หลบภัยที่ปลอดภัย เตรียมพร้อมสำหรับแผ่นดินไหวตาม ติดตามข่าวสารเพื่อรับการอัปเดตและคำแนะนำ"
"ประเทศเมียนมา Myanmar",https://earthquake.tmd.go.th/inside-info.html?earthquake=15348,21.073,98.394,10,2.3,2025-08-22T04:04:16.000Z,Asia/Bangkok,"[EN] Micro Earthquake (2.3 ML) - SAFETY ADVICE: No action required: These micro-earthquakes are rarely felt and pose no danger. They are only detectable by seismographs.

[TH] แผ่นดินไหวระดับMicro (2.3 ML) - คำแนะนำความปลอดภัย: ไม่จำเป็นต้องดำเนินการใดๆ: แผ่นดินไหวขนาดเล็กมากเหล่านี้แทบจะไม่รู้สึกและไม่ก่อให้เกิดอันตราย สามารถตรวจพบได้โดยเครื่องวัดแผ่นดินไหวเท่านั้น"
"ประเทศเมียนมา Myanmar",https://earthquake.tmd.go.th/inside-info.html?earthquake=15347,22.129,96.472,10,3,2025-08-21T23:16:26.000Z,Asia/Bangkok,"[EN] Minor Earthquake (3.0 ML) - SAFETY ADVICE: No special actions needed: Earthquake likely only felt by sensitive individuals at rest, especially on upper floors of buildings. Be mindful of your surroundings and stay informed.

[TH] แผ่นดินไหวระดับMinor (3.0 ML) - คำแนะนำความปลอดภัย: ไม่จำเป็นต้องดำเนินการพิเศษ: แผ่นดินไหวมักจะรู้สึกได้เฉพาะบุคคลที่ไวต่อความรู้สึกขณะพัก โดยเฉพาะบนชั้นบนของอาคาร ให้ระมัดระวังสิ่งรอบตัวและติดตามข้อมูล"
"ประเทศเมียนมา Myanmar",https://earthquake.tmd.go.th/inside-info.html?earthquake=15346,19.837,96.472,10,2.5,2025-08-21T16:59:33.000Z,Asia/Bangkok,"[EN] Micro Earthquake (2.5 ML) - SAFETY ADVICE: No action required: These micro-earthquakes are rarely felt and pose no danger. They are only detectable by seismographs.

[TH] แผ่นดินไหวระดับMicro (2.5 ML) - คำแนะนำความปลอดภัย: ไม่จำเป็นต้องดำเนินการใดๆ: แผ่นดินไหวขนาดเล็กมากเหล่านี้แทบจะไม่รู้สึกและไม่ก่อให้เกิดอันตราย สามารถตรวจพบได้โดยเครื่องวัดแผ่นดินไหวเท่านั้น"
"ประเทศเมียนมา Myanmar",https://earthquake.tmd.go.th/inside-info.html?earthquake=15345,22.009,97.094,10,3.8,2025-08-21T14:47:30.000Z,Asia/Bangkok,"[EN] Minor Earthquake (3.8 ML) - SAFETY ADVICE: No special actions needed: Earthquake likely only felt by sensitive individuals at rest, especially on upper floors of buildings. Be mindful of your surroundings and stay informed.

[TH] แผ่นดินไหวระดับMinor (3.8 ML) - คำแนะนำความปลอดภัย: ไม่จำเป็นต้องดำเนินการพิเศษ: แผ่นดินไหวมักจะรู้สึกได้เฉพาะบุคคลที่ไวต่อความรู้สึกขณะพัก โดยเฉพาะบนชั้นบนของอาคาร ให้ระมัดระวังสิ่งรอบตัวและติดตามข้อมูล"
"ประเทศเมียนมา Myanmar",https://earthquake.tmd.go.th/inside-info.html?earthquake=15344,19.595,96.375,10,3,2025-08-21T10:15:27.000Z,Asia/Bangkok,"[EN] Minor Earthquake (3.0 ML) - SAFETY ADVICE: No special actions needed: Earthquake likely only felt by sensitive individuals at rest, especially on upper floors of buildings. Be mindful of your surroundings and stay informed.

[TH] แผ่นดินไหวระดับMinor (3.0 ML) - คำแนะนำความปลอดภัย: ไม่จำเป็นต้องดำเนินการพิเศษ: แผ่นดินไหวมักจะรู้สึกได้เฉพาะบุคคลที่ไวต่อความรู้สึกขณะพัก โดยเฉพาะบนชั้นบนของอาคาร ให้ระมัดระวังสิ่งรอบตัวและติดตามข้อมูล"
"นอกชายฝั่งทางตอนใต้ของประเทศเมียนมา Near South Coast of Myanmar",https://earthquake.tmd.go.th/inside-info.html?earthquake=15343,16.145,96.686,10,5.4,2025-08-21T09:58:08.000Z,Asia/Bangkok,"[EN] Moderate Earthquake (5.4 ML) - SAFETY ADVICE: Take precautions: Stay away from objects that could fall. Expect minor damage to well-built structures. Find safe locations to shelter. Be prepared for aftershocks. Check news sources for updates and instructions.

[TH] แผ่นดินไหวระดับModerate (5.4 ML) - คำแนะนำความปลอดภัย: ใช้ความระมัดระวัง: อยู่ห่างจากวัตถุที่อาจร่วงหล่น คาดการณ์ความเสียหายเล็กน้อยต่ออาคารที่สร้างอย่างดี หาที่หลบภัยที่ปลอดภัย เตรียมพร้อมสำหรับแผ่นดินไหวตาม ติดตามข่าวสารเพื่อรับการอัปเดตและคำแนะนำ"
"ชายฝั่งตะวันตกทางตอนเหนือของหมู่เกาะสุมาตรา  ประเทศอินโดนีเซีย Off West Coast of Northern Sumatra, Indonesia",https://earthquake.tmd.go.th/inside-info.html?earthquake=15342,2.861,92.679,61,4.5,2025-08-21T04:39:15.000Z,Asia/Bangkok,"[EN] Light Earthquake (4.5 ML) - SAFETY ADVICE: Stay alert: Be aware of possible light shaking. Secure loose objects that could fall. No immediate action typically needed, but be prepared to take cover if shaking intensifies.

[TH] แผ่นดินไหวระดับLight (4.5 ML) - คำแนะนำความปลอดภัย: เตรียมพร้อม: ระวังการสั่นไหวเล็กน้อยที่อาจเกิดขึ้น ยึดวัตถุที่อาจร่วงหล่น โดยทั่วไปไม่จำเป็นต้องดำเนินการทันที แต่เตรียมพร้อมที่จะหาที่กำบังหากการสั่นไหวรุนแรงขึ้น"
"ใกล้ชายฝั่งทางตอนใต้ของประเทศเมียนมา Near South Coast of Myanmar",https://earthquake.tmd.go.th/inside-info.html?earthquake=15341,16.222,96.835,11,4.1,2025-08-20T23:19:49.000Z,Asia/Bangkok,"[EN] Light Earthquake (4.1 ML) - SAFETY ADVICE: Stay alert: Be aware of possible light shaking. Secure loose objects that could fall. No immediate action typically needed, but be prepared to take cover if shaking intensifies.

[TH] แผ่นดินไหวระดับLight (4.1 ML) - คำแนะนำความปลอดภัย: เตรียมพร้อม: ระวังการสั่นไหวเล็กน้อยที่อาจเกิดขึ้น ยึดวัตถุที่อาจร่วงหล่น โดยทั่วไปไม่จำเป็นต้องดำเนินการทันที แต่เตรียมพร้อมที่จะหาที่กำบังหากการสั่นไหวรุนแรงขึ้น"
"ใกล้ชายฝั่งทางตอนใต้ของประเทศเมียนมา Near South Coast of Myanmar",https://earthquake.tmd.go.th/inside-info.html?earthquake=15340,16.331,96.914,10,4.2,2025-08-20T23:04:58.000Z,Asia/Bangkok,"[EN] Light Earthquake (4.2 ML) - SAFETY ADVICE: Stay alert: Be aware of possible light shaking. Secure loose objects that could fall. No immediate action typically needed, but be prepared to take cover if shaking intensifies.

[TH] แผ่นดินไหวระดับLight (4.2 ML) - คำแนะนำความปลอดภัย: เตรียมพร้อม: ระวังการสั่นไหวเล็กน้อยที่อาจเกิดขึ้น ยึดวัตถุที่อาจร่วงหล่น โดยทั่วไปไม่จำเป็นต้องดำเนินการทันที แต่เตรียมพร้อมที่จะหาที่กำบังหากการสั่นไหวรุนแรงขึ้น"
"ต.เวียงตาล อ.ห้างฉัตร จ.ลำปาง Tambon Wiang Tan, Amphoe HangChat, Lampang",https://earthquake.tmd.go.th/inside-info.html?earthquake=15339,18.43,99.274,1,1.4,2025-08-20T21:25:57.000Z,Asia/Bangkok,"[EN] Micro Earthquake (1.4 ML) - SAFETY ADVICE: No action required: These micro-earthquakes are rarely felt and pose no danger. They are only detectable by seismographs.

[TH] แผ่นดินไหวระดับMicro (1.4 ML) - คำแนะนำความปลอดภัย: ไม่จำเป็นต้องดำเนินการใดๆ: แผ่นดินไหวขนาดเล็กมากเหล่านี้แทบจะไม่รู้สึกและไม่ก่อให้เกิดอันตราย สามารถตรวจพบได้โดยเครื่องวัดแผ่นดินไหวเท่านั้น"
"ใกล้ชายฝั่งทางตอนใต้ของประเทศเมียนมา Near South Coast of Myanmar",https://earthquake.tmd.go.th/inside-info.html?earthquake=15338,16.106,96.656,10,5,2025-08-20T19:46:24.000Z,Asia/Bangkok,"[EN] Moderate Earthquake (5.0 ML) - SAFETY ADVICE: Take precautions: Stay away from objects that could fall. Expect minor damage to well-built structures. Find safe locations to shelter. Be prepared for aftershocks. Check news sources for updates and instructions.

[TH] แผ่นดินไหวระดับModerate (5.0 ML) - คำแนะนำความปลอดภัย: ใช้ความระมัดระวัง: อยู่ห่างจากวัตถุที่อาจร่วงหล่น คาดการณ์ความเสียหายเล็กน้อยต่ออาคารที่สร้างอย่างดี หาที่หลบภัยที่ปลอดภัย เตรียมพร้อมสำหรับแผ่นดินไหวตาม ติดตามข่าวสารเพื่อรับการอัปเดตและคำแนะนำ"
"ประเทศเมียนมา Myanmar",https://earthquake.tmd.go.th/inside-info.html?earthquake=15336,19.991,95.874,10,3.2,2025-08-20T14:43:46.000Z,Asia/Bangkok,"[EN] Minor Earthquake (3.2 ML) - SAFETY ADVICE: No special actions needed: Earthquake likely only felt by sensitive individuals at rest, especially on upper floors of buildings. Be mindful of your surroundings and stay informed.

[TH] แผ่นดินไหวระดับMinor (3.2 ML) - คำแนะนำความปลอดภัย: ไม่จำเป็นต้องดำเนินการพิเศษ: แผ่นดินไหวมักจะรู้สึกได้เฉพาะบุคคลที่ไวต่อความรู้สึกขณะพัก โดยเฉพาะบนชั้นบนของอาคาร ให้ระมัดระวังสิ่งรอบตัวและติดตามข้อมูล"
"ประเทศเมียนมา Myanmar",https://earthquake.tmd.go.th/inside-info.html?earthquake=15334,19.187,96.159,10,2.2,2025-08-20T05:33:07.000Z,Asia/Bangkok,"[EN] Micro Earthquake (2.2 ML) - SAFETY ADVICE: No action required: These micro-earthquakes are rarely felt and pose no danger. They are only detectable by seismographs.

[TH] แผ่นดินไหวระดับMicro (2.2 ML) - คำแนะนำความปลอดภัย: ไม่จำเป็นต้องดำเนินการใดๆ: แผ่นดินไหวขนาดเล็กมากเหล่านี้แทบจะไม่รู้สึกและไม่ก่อให้เกิดอันตราย สามารถตรวจพบได้โดยเครื่องวัดแผ่นดินไหวเท่านั้น"
"ต.กื้ดช้าง อ.แม่แตง จ.เชียงใหม่ Tambon Kuet Chang, Amphoe MaeTaeng, ChiangMai",https://earthquake.tmd.go.th/inside-info.html?earthquake=15333,19.232,98.822,3,1.4,2025-08-20T05:28:32.000Z,Asia/Bangkok,"[EN] Micro Earthquake (1.4 ML) - SAFETY ADVICE: No action required: These micro-earthquakes are rarely felt and pose no danger. They are only detectable by seismographs.

[TH] แผ่นดินไหวระดับMicro (1.4 ML) - คำแนะนำความปลอดภัย: ไม่จำเป็นต้องดำเนินการใดๆ: แผ่นดินไหวขนาดเล็กมากเหล่านี้แทบจะไม่รู้สึกและไม่ก่อให้เกิดอันตราย สามารถตรวจพบได้โดยเครื่องวัดแผ่นดินไหวเท่านั้น"
"ประเทศเมียนมา Myanmar",https://earthquake.tmd.go.th/inside-info.html?earthquake=15335,19.724,96.499,10,2.1,2025-08-20T04:42:10.000Z,Asia/Bangkok,"[EN] Micro Earthquake (2.1 ML) - SAFETY ADVICE: No action required: These micro-earthquakes are rarely felt and pose no danger. They are only detectable by seismographs.

[TH] แผ่นดินไหวระดับMicro (2.1 ML) - คำแนะนำความปลอดภัย: ไม่จำเป็นต้องดำเนินการใดๆ: แผ่นดินไหวขนาดเล็กมากเหล่านี้แทบจะไม่รู้สึกและไม่ก่อให้เกิดอันตราย สามารถตรวจพบได้โดยเครื่องวัดแผ่นดินไหวเท่านั้น"
"ประเทศเมียนมา Myanmar",https://earthquake.tmd.go.th/inside-info.html?earthquake=15332,21.613,96.439,10,2.7,2025-08-20T02:09:55.000Z,Asia/Bangkok,"[EN] Micro Earthquake (2.7 ML) - SAFETY ADVICE: No action required: These micro-earthquakes are rarely felt and pose no danger. They are only detectable by seismographs.

[TH] แผ่นดินไหวระดับMicro (2.7 ML) - คำแนะนำความปลอดภัย: ไม่จำเป็นต้องดำเนินการใดๆ: แผ่นดินไหวขนาดเล็กมากเหล่านี้แทบจะไม่รู้สึกและไม่ก่อให้เกิดอันตราย สามารถตรวจพบได้โดยเครื่องวัดแผ่นดินไหวเท่านั้น"
"ประเทศเมียนมา Myanmar",https://earthquake.tmd.go.th/inside-info.html?earthquake=15331,18.111,96.72,10,2.3,2025-08-20T01:14:40.000Z,Asia/Bangkok,"[EN] Micro Earthquake (2.3 ML) - SAFETY ADVICE: No action required: These micro-earthquakes are rarely felt and pose no danger. They are only detectable by seismographs.

[TH] แผ่นดินไหวระดับMicro (2.3 ML) - คำแนะนำความปลอดภัย: ไม่จำเป็นต้องดำเนินการใดๆ: แผ่นดินไหวขนาดเล็กมากเหล่านี้แทบจะไม่รู้สึกและไม่ก่อให้เกิดอันตราย สามารถตรวจพบได้โดยเครื่องวัดแผ่นดินไหวเท่านั้น"
"ประเทศเมียนมา Myanmar",https://earthquake.tmd.go.th/inside-info.html?earthquake=15330,18.991,96.498,10,2.5,2025-08-19T23:35:57.000Z,Asia/Bangkok,"[EN] Micro Earthquake (2.5 ML) - SAFETY ADVICE: No action required: These micro-earthquakes are rarely felt and pose no danger. They are only detectable by seismographs.

[TH] แผ่นดินไหวระดับMicro (2.5 ML) - คำแนะนำความปลอดภัย: ไม่จำเป็นต้องดำเนินการใดๆ: แผ่นดินไหวขนาดเล็กมากเหล่านี้แทบจะไม่รู้สึกและไม่ก่อให้เกิดอันตราย สามารถตรวจพบได้โดยเครื่องวัดแผ่นดินไหวเท่านั้น"
"ประเทศเมียนมา Myanmar",https://earthquake.tmd.go.th/inside-info.html?earthquake=15329,21.678,96.562,10,3.4,2025-08-19T13:13:55.000Z,Asia/Bangkok,"[EN] Minor Earthquake (3.4 ML) - SAFETY ADVICE: No special actions needed: Earthquake likely only felt by sensitive individuals at rest, especially on upper floors of buildings. Be mindful of your surroundings and stay informed.

[TH] แผ่นดินไหวระดับMinor (3.4 ML) - คำแนะนำความปลอดภัย: ไม่จำเป็นต้องดำเนินการพิเศษ: แผ่นดินไหวมักจะรู้สึกได้เฉพาะบุคคลที่ไวต่อความรู้สึกขณะพัก โดยเฉพาะบนชั้นบนของอาคาร ให้ระมัดระวังสิ่งรอบตัวและติดตามข้อมูล"
"ประเทศเมียนมา Myanmar",https://earthquake.tmd.go.th/inside-info.html?earthquake=15337,19.877,97.257,10,2.4,2025-08-19T04:19:46.000Z,Asia/Bangkok,"[EN] Micro Earthquake (2.4 ML) - SAFETY ADVICE: No action required: These micro-earthquakes are rarely felt and pose no danger. They are only detectable by seismographs.

[TH] แผ่นดินไหวระดับMicro (2.4 ML) - คำแนะนำความปลอดภัย: ไม่จำเป็นต้องดำเนินการใดๆ: แผ่นดินไหวขนาดเล็กมากเหล่านี้แทบจะไม่รู้สึกและไม่ก่อให้เกิดอันตราย สามารถตรวจพบได้โดยเครื่องวัดแผ่นดินไหวเท่านั้น"
"ประเทศเมียนมา Myanmar",https://earthquake.tmd.go.th/inside-info.html?earthquake=15327,20.079,97.902,2,2,2025-08-18T23:28:38.000Z,Asia/Bangkok,"[EN] Micro Earthquake (2.0 ML) - SAFETY ADVICE: No action required: These micro-earthquakes are rarely felt and pose no danger. They are only detectable by seismographs.

[TH] แผ่นดินไหวระดับMicro (2.0 ML) - คำแนะนำความปลอดภัย: ไม่จำเป็นต้องดำเนินการใดๆ: แผ่นดินไหวขนาดเล็กมากเหล่านี้แทบจะไม่รู้สึกและไม่ก่อให้เกิดอันตราย สามารถตรวจพบได้โดยเครื่องวัดแผ่นดินไหวเท่านั้น"
"ประเทศเมียนมา Myanmar",https://earthquake.tmd.go.th/inside-info.html?earthquake=15326,20.161,97.954,10,2.3,2025-08-18T19:49:43.000Z,Asia/Bangkok,"[EN] Micro Earthquake (2.3 ML) - SAFETY ADVICE: No action required: These micro-earthquakes are rarely felt and pose no danger. They are only detectable by seismographs.

[TH] แผ่นดินไหวระดับMicro (2.3 ML) - คำแนะนำความปลอดภัย: ไม่จำเป็นต้องดำเนินการใดๆ: แผ่นดินไหวขนาดเล็กมากเหล่านี้แทบจะไม่รู้สึกและไม่ก่อให้เกิดอันตราย สามารถตรวจพบได้โดยเครื่องวัดแผ่นดินไหวเท่านั้น"
"ประเทศเมียนมา Myanmar",https://earthquake.tmd.go.th/inside-info.html?earthquake=15325,19.272,96.387,10,2.6,2025-08-18T14:16:20.000Z,Asia/Bangkok,"[EN] Micro Earthquake (2.6 ML) - SAFETY ADVICE: No action required: These micro-earthquakes are rarely felt and pose no danger. They are only detectable by seismographs.

[TH] แผ่นดินไหวระดับMicro (2.6 ML) - คำแนะนำความปลอดภัย: ไม่จำเป็นต้องดำเนินการใดๆ: แผ่นดินไหวขนาดเล็กมากเหล่านี้แทบจะไม่รู้สึกและไม่ก่อให้เกิดอันตราย สามารถตรวจพบได้โดยเครื่องวัดแผ่นดินไหวเท่านั้น"
"ประเทศเมียนมา Myanmar",https://earthquake.tmd.go.th/inside-info.html?earthquake=15324,20.071,97.931,2,2.1,2025-08-18T13:36:30.000Z,Asia/Bangkok,"[EN] Micro Earthquake (2.1 ML) - SAFETY ADVICE: No action required: These micro-earthquakes are rarely felt and pose no danger. They are only detectable by seismographs.

[TH] แผ่นดินไหวระดับMicro (2.1 ML) - คำแนะนำความปลอดภัย: ไม่จำเป็นต้องดำเนินการใดๆ: แผ่นดินไหวขนาดเล็กมากเหล่านี้แทบจะไม่รู้สึกและไม่ก่อให้เกิดอันตราย สามารถตรวจพบได้โดยเครื่องวัดแผ่นดินไหวเท่านั้น"
"ประเทศเมียนมา Myanmar",https://earthquake.tmd.go.th/inside-info.html?earthquake=15323,19.961,97.891,10,2.8,2025-08-18T09:28:15.000Z,Asia/Bangkok,"[EN] Micro Earthquake (2.8 ML) - SAFETY ADVICE: No action required: These micro-earthquakes are rarely felt and pose no danger. They are only detectable by seismographs.

[TH] แผ่นดินไหวระดับMicro (2.8 ML) - คำแนะนำความปลอดภัย: ไม่จำเป็นต้องดำเนินการใดๆ: แผ่นดินไหวขนาดเล็กมากเหล่านี้แทบจะไม่รู้สึกและไม่ก่อให้เกิดอันตราย สามารถตรวจพบได้โดยเครื่องวัดแผ่นดินไหวเท่านั้น"
"ประเทศเมียนมา Myanmar",https://earthquake.tmd.go.th/inside-info.html?earthquake=15322,22.346,96.216,10,3.5,2025-08-18T06:29:02.000Z,Asia/Bangkok,"[EN] Minor Earthquake (3.5 ML) - SAFETY ADVICE: No special actions needed: Earthquake likely only felt by sensitive individuals at rest, especially on upper floors of buildings. Be mindful of your surroundings and stay informed.

[TH] แผ่นดินไหวระดับMinor (3.5 ML) - คำแนะนำความปลอดภัย: ไม่จำเป็นต้องดำเนินการพิเศษ: แผ่นดินไหวมักจะรู้สึกได้เฉพาะบุคคลที่ไวต่อความรู้สึกขณะพัก โดยเฉพาะบนชั้นบนของอาคาร ให้ระมัดระวังสิ่งรอบตัวและติดตามข้อมูล"
"ประเทศเมียนมา Myanmar",https://earthquake.tmd.go.th/inside-info.html?earthquake=15321,19.539,96.356,10,2.5,2025-08-18T02:59:25.000Z,Asia/Bangkok,"[EN] Micro Earthquake (2.5 ML) - SAFETY ADVICE: No action required: These micro-earthquakes are rarely felt and pose no danger. They are only detectable by seismographs.

[TH] แผ่นดินไหวระดับMicro (2.5 ML) - คำแนะนำความปลอดภัย: ไม่จำเป็นต้องดำเนินการใดๆ: แผ่นดินไหวขนาดเล็กมากเหล่านี้แทบจะไม่รู้สึกและไม่ก่อให้เกิดอันตราย สามารถตรวจพบได้โดยเครื่องวัดแผ่นดินไหวเท่านั้น"
"ประเทศเมียนมา Myanmar",https://earthquake.tmd.go.th/inside-info.html?earthquake=15320,21.803,96.358,10,3.1,2025-08-18T02:03:27.000Z,Asia/Bangkok,"[EN] Minor Earthquake (3.1 ML) - SAFETY ADVICE: No special actions needed: Earthquake likely only felt by sensitive individuals at rest, especially on upper floors of buildings. Be mindful of your surroundings and stay informed.

[TH] แผ่นดินไหวระดับMinor (3.1 ML) - คำแนะนำความปลอดภัย: ไม่จำเป็นต้องดำเนินการพิเศษ: แผ่นดินไหวมักจะรู้สึกได้เฉพาะบุคคลที่ไวต่อความรู้สึกขณะพัก โดยเฉพาะบนชั้นบนของอาคาร ให้ระมัดระวังสิ่งรอบตัวและติดตามข้อมูล"
"ประเทศเมียนมา Myanmar",https://earthquake.tmd.go.th/inside-info.html?earthquake=15319,19.297,97.267,10,2.5,2025-08-17T23:33:53.000Z,Asia/Bangkok,"[EN] Micro Earthquake (2.5 ML) - SAFETY ADVICE: No action required: These micro-earthquakes are rarely felt and pose no danger. They are only detectable by seismographs.

[TH] แผ่นดินไหวระดับMicro (2.5 ML) - คำแนะนำความปลอดภัย: ไม่จำเป็นต้องดำเนินการใดๆ: แผ่นดินไหวขนาดเล็กมากเหล่านี้แทบจะไม่รู้สึกและไม่ก่อให้เกิดอันตราย สามารถตรวจพบได้โดยเครื่องวัดแผ่นดินไหวเท่านั้น"
"ประเทศเมียนมา Myanmar",https://earthquake.tmd.go.th/inside-info.html?earthquake=15318,19.261,96.318,10,3.1,2025-08-17T21:44:49.000Z,Asia/Bangkok,"[EN] Minor Earthquake (3.1 ML) - SAFETY ADVICE: No special actions needed: Earthquake likely only felt by sensitive individuals at rest, especially on upper floors of buildings. Be mindful of your surroundings and stay informed.

[TH] แผ่นดินไหวระดับMinor (3.1 ML) - คำแนะนำความปลอดภัย: ไม่จำเป็นต้องดำเนินการพิเศษ: แผ่นดินไหวมักจะรู้สึกได้เฉพาะบุคคลที่ไวต่อความรู้สึกขณะพัก โดยเฉพาะบนชั้นบนของอาคาร ให้ระมัดระวังสิ่งรอบตัวและติดตามข้อมูล"
"ประเทศเมียนมา Myanmar",https://earthquake.tmd.go.th/inside-info.html?earthquake=15317,19.281,96.319,10,2.7,2025-08-17T17:28:23.000Z,Asia/Bangkok,"[EN] Micro Earthquake (2.7 ML) - SAFETY ADVICE: No action required: These micro-earthquakes are rarely felt and pose no danger. They are only detectable by seismographs.

[TH] แผ่นดินไหวระดับMicro (2.7 ML) - คำแนะนำความปลอดภัย: ไม่จำเป็นต้องดำเนินการใดๆ: แผ่นดินไหวขนาดเล็กมากเหล่านี้แทบจะไม่รู้สึกและไม่ก่อให้เกิดอันตราย สามารถตรวจพบได้โดยเครื่องวัดแผ่นดินไหวเท่านั้น"
"ประเทศเมียนมา Myanmar",https://earthquake.tmd.go.th/inside-info.html?earthquake=15316,20.2,97.973,10,2.3,2025-08-17T14:16:28.000Z,Asia/Bangkok,"[EN] Micro Earthquake (2.3 ML) - SAFETY ADVICE: No action required: These micro-earthquakes are rarely felt and pose no danger. They are only detectable by seismographs.

[TH] แผ่นดินไหวระดับMicro (2.3 ML) - คำแนะนำความปลอดภัย: ไม่จำเป็นต้องดำเนินการใดๆ: แผ่นดินไหวขนาดเล็กมากเหล่านี้แทบจะไม่รู้สึกและไม่ก่อให้เกิดอันตราย สามารถตรวจพบได้โดยเครื่องวัดแผ่นดินไหวเท่านั้น"
"ประเทศเมียนมา Myanmar",https://earthquake.tmd.go.th/inside-info.html?earthquake=15315,19.687,96.206,10,3.2,2025-08-17T11:16:15.000Z,Asia/Bangkok,"[EN] Minor Earthquake (3.2 ML) - SAFETY ADVICE: No special actions needed: Earthquake likely only felt by sensitive individuals at rest, especially on upper floors of buildings. Be mindful of your surroundings and stay informed.

[TH] แผ่นดินไหวระดับMinor (3.2 ML) - คำแนะนำความปลอดภัย: ไม่จำเป็นต้องดำเนินการพิเศษ: แผ่นดินไหวมักจะรู้สึกได้เฉพาะบุคคลที่ไวต่อความรู้สึกขณะพัก โดยเฉพาะบนชั้นบนของอาคาร ให้ระมัดระวังสิ่งรอบตัวและติดตามข้อมูล"
"ประเทศเมียนมา Myanmar",https://earthquake.tmd.go.th/inside-info.html?earthquake=15314,18.045,96.68,10,2.5,2025-08-17T03:30:24.000Z,Asia/Bangkok,"[EN] Micro Earthquake (2.5 ML) - SAFETY ADVICE: No action required: These micro-earthquakes are rarely felt and pose no danger. They are only detectable by seismographs.

[TH] แผ่นดินไหวระดับMicro (2.5 ML) - คำแนะนำความปลอดภัย: ไม่จำเป็นต้องดำเนินการใดๆ: แผ่นดินไหวขนาดเล็กมากเหล่านี้แทบจะไม่รู้สึกและไม่ก่อให้เกิดอันตราย สามารถตรวจพบได้โดยเครื่องวัดแผ่นดินไหวเท่านั้น"
"ประเทศเมียนมา Myanmar",https://earthquake.tmd.go.th/inside-info.html?earthquake=15313,19.963,98.061,10,2.5,2025-08-17T01:00:58.000Z,Asia/Bangkok,"[EN] Micro Earthquake (2.5 ML) - SAFETY ADVICE: No action required: These micro-earthquakes are rarely felt and pose no danger. They are only detectable by seismographs.

[TH] แผ่นดินไหวระดับMicro (2.5 ML) - คำแนะนำความปลอดภัย: ไม่จำเป็นต้องดำเนินการใดๆ: แผ่นดินไหวขนาดเล็กมากเหล่านี้แทบจะไม่รู้สึกและไม่ก่อให้เกิดอันตราย สามารถตรวจพบได้โดยเครื่องวัดแผ่นดินไหวเท่านั้น"
"ประเทศเมียนมา Myanmar",https://earthquake.tmd.go.th/inside-info.html?earthquake=15312,18.88,97.477,3,1.7,2025-08-16T22:10:42.000Z,Asia/Bangkok,"[EN] Micro Earthquake (1.7 ML) - SAFETY ADVICE: No action required: These micro-earthquakes are rarely felt and pose no danger. They are only detectable by seismographs.

[TH] แผ่นดินไหวระดับMicro (1.7 ML) - คำแนะนำความปลอดภัย: ไม่จำเป็นต้องดำเนินการใดๆ: แผ่นดินไหวขนาดเล็กมากเหล่านี้แทบจะไม่รู้สึกและไม่ก่อให้เกิดอันตราย สามารถตรวจพบได้โดยเครื่องวัดแผ่นดินไหวเท่านั้น"
"ประเทศเมียนมา Myanmar",https://earthquake.tmd.go.th/inside-info.html?earthquake=15311,21.104,98.568,6,2.4,2025-08-16T21:46:27.000Z,Asia/Bangkok,"[EN] Micro Earthquake (2.4 ML) - SAFETY ADVICE: No action required: These micro-earthquakes are rarely felt and pose no danger. They are only detectable by seismographs.

[TH] แผ่นดินไหวระดับMicro (2.4 ML) - คำแนะนำความปลอดภัย: ไม่จำเป็นต้องดำเนินการใดๆ: แผ่นดินไหวขนาดเล็กมากเหล่านี้แทบจะไม่รู้สึกและไม่ก่อให้เกิดอันตราย สามารถตรวจพบได้โดยเครื่องวัดแผ่นดินไหวเท่านั้น"
"ต.แสนตอ อ.ขาณุวรลักษบุรี จ.กำแพงเพชร Tambon Saen To, Amphoe KhanuWoralaksaburi, KamphaengPhet",https://earthquake.tmd.go.th/inside-info.html?earthquake=15310,16.027,99.844,1,2.7,2025-08-16T06:03:01.000Z,Asia/Bangkok,"[EN] Micro Earthquake (2.7 ML) - SAFETY ADVICE: No action required: These micro-earthquakes are rarely felt and pose no danger. They are only detectable by seismographs.

[TH] แผ่นดินไหวระดับMicro (2.7 ML) - คำแนะนำความปลอดภัย: ไม่จำเป็นต้องดำเนินการใดๆ: แผ่นดินไหวขนาดเล็กมากเหล่านี้แทบจะไม่รู้สึกและไม่ก่อให้เกิดอันตราย สามารถตรวจพบได้โดยเครื่องวัดแผ่นดินไหวเท่านั้น"
"ประเทศเมียนมา Myanmar",https://earthquake.tmd.go.th/inside-info.html?earthquake=15309,20.624,97.737,10,2.1,2025-08-15T13:46:44.000Z,Asia/Bangkok,"[EN] Micro Earthquake (2.1 ML) - SAFETY ADVICE: No action required: These micro-earthquakes are rarely felt and pose no danger. They are only detectable by seismographs.

[TH] แผ่นดินไหวระดับMicro (2.1 ML) - คำแนะนำความปลอดภัย: ไม่จำเป็นต้องดำเนินการใดๆ: แผ่นดินไหวขนาดเล็กมากเหล่านี้แทบจะไม่รู้สึกและไม่ก่อให้เกิดอันตราย สามารถตรวจพบได้โดยเครื่องวัดแผ่นดินไหวเท่านั้น"
"ประเทศเมียนมา Myanmar",https://earthquake.tmd.go.th/inside-info.html?earthquake=15308,19.92,97.964,10,1.6,2025-08-15T00:22:22.000Z,Asia/Bangkok,"[EN] Micro Earthquake (1.6 ML) - SAFETY ADVICE: No action required: These micro-earthquakes are rarely felt and pose no danger. They are only detectable by seismographs.

[TH] แผ่นดินไหวระดับMicro (1.6 ML) - คำแนะนำความปลอดภัย: ไม่จำเป็นต้องดำเนินการใดๆ: แผ่นดินไหวขนาดเล็กมากเหล่านี้แทบจะไม่รู้สึกและไม่ก่อให้เกิดอันตราย สามารถตรวจพบได้โดยเครื่องวัดแผ่นดินไหวเท่านั้น"
"ประเทศเมียนมา Myanmar",https://earthquake.tmd.go.th/inside-info.html?earthquake=15306,19.629,97.708,10,2.4,2025-08-14T05:27:13.000Z,Asia/Bangkok,"[EN] Micro Earthquake (2.4 ML) - SAFETY ADVICE: No action required: These micro-earthquakes are rarely felt and pose no danger. They are only detectable by seismographs.

[TH] แผ่นดินไหวระดับMicro (2.4 ML) - คำแนะนำความปลอดภัย: ไม่จำเป็นต้องดำเนินการใดๆ: แผ่นดินไหวขนาดเล็กมากเหล่านี้แทบจะไม่รู้สึกและไม่ก่อให้เกิดอันตราย สามารถตรวจพบได้โดยเครื่องวัดแผ่นดินไหวเท่านั้น"
"ประเทศเมียนมา Myanmar",https://earthquake.tmd.go.th/inside-info.html?earthquake=15305,19.692,97.727,10,2.1,2025-08-14T05:26:53.000Z,Asia/Bangkok,"[EN] Micro Earthquake (2.1 ML) - SAFETY ADVICE: No action required: These micro-earthquakes are rarely felt and pose no danger. They are only detectable by seismographs.

[TH] แผ่นดินไหวระดับMicro (2.1 ML) - คำแนะนำความปลอดภัย: ไม่จำเป็นต้องดำเนินการใดๆ: แผ่นดินไหวขนาดเล็กมากเหล่านี้แทบจะไม่รู้สึกและไม่ก่อให้เกิดอันตราย สามารถตรวจพบได้โดยเครื่องวัดแผ่นดินไหวเท่านั้น"
"ประเทศเมียนมา Myanmar",https://earthquake.tmd.go.th/inside-info.html?earthquake=15307,18.043,96.576,10,2.7,2025-08-14T04:06:16.000Z,Asia/Bangkok,"[EN] Micro Earthquake (2.7 ML) - SAFETY ADVICE: No action required: These micro-earthquakes are rarely felt and pose no danger. They are only detectable by seismographs.

[TH] แผ่นดินไหวระดับMicro (2.7 ML) - คำแนะนำความปลอดภัย: ไม่จำเป็นต้องดำเนินการใดๆ: แผ่นดินไหวขนาดเล็กมากเหล่านี้แทบจะไม่รู้สึกและไม่ก่อให้เกิดอันตราย สามารถตรวจพบได้โดยเครื่องวัดแผ่นดินไหวเท่านั้น"
"ต.ศรีดอนมูล อ.เชียงแสน จ.เชียงราย Tambon Si Don Mun, Amphoe ChiangSaen, ChiangRai",https://earthquake.tmd.go.th/inside-info.html?earthquake=15304,20.314,100.006,4,1.8,2025-08-14T03:11:34.000Z,Asia/Bangkok,"[EN] Micro Earthquake (1.8 ML) - SAFETY ADVICE: No action required: These micro-earthquakes are rarely felt and pose no danger. They are only detectable by seismographs.

[TH] แผ่นดินไหวระดับMicro (1.8 ML) - คำแนะนำความปลอดภัย: ไม่จำเป็นต้องดำเนินการใดๆ: แผ่นดินไหวขนาดเล็กมากเหล่านี้แทบจะไม่รู้สึกและไม่ก่อให้เกิดอันตราย สามารถตรวจพบได้โดยเครื่องวัดแผ่นดินไหวเท่านั้น"
"ประเทศเมียนมา Myanmar",https://earthquake.tmd.go.th/inside-info.html?earthquake=15303,19.29,96.502,10,2.6,2025-08-13T23:31:01.000Z,Asia/Bangkok,"[EN] Micro Earthquake (2.6 ML) - SAFETY ADVICE: No action required: These micro-earthquakes are rarely felt and pose no danger. They are only detectable by seismographs.

[TH] แผ่นดินไหวระดับMicro (2.6 ML) - คำแนะนำความปลอดภัย: ไม่จำเป็นต้องดำเนินการใดๆ: แผ่นดินไหวขนาดเล็กมากเหล่านี้แทบจะไม่รู้สึกและไม่ก่อให้เกิดอันตราย สามารถตรวจพบได้โดยเครื่องวัดแผ่นดินไหวเท่านั้น"
"ประเทศเมียนมา Myanmar",https://earthquake.tmd.go.th/inside-info.html?earthquake=15302,19.589,96.444,10,2.4,2025-08-13T16:47:26.000Z,Asia/Bangkok,"[EN] Micro Earthquake (2.4 ML) - SAFETY ADVICE: No action required: These micro-earthquakes are rarely felt and pose no danger. They are only detectable by seismographs.

[TH] แผ่นดินไหวระดับMicro (2.4 ML) - คำแนะนำความปลอดภัย: ไม่จำเป็นต้องดำเนินการใดๆ: แผ่นดินไหวขนาดเล็กมากเหล่านี้แทบจะไม่รู้สึกและไม่ก่อให้เกิดอันตราย สามารถตรวจพบได้โดยเครื่องวัดแผ่นดินไหวเท่านั้น"
"ประเทศเมียนมา Myanmar",https://earthquake.tmd.go.th/inside-info.html?earthquake=15301,20.123,98.178,10,2,2025-08-13T10:03:01.000Z,Asia/Bangkok,"[EN] Micro Earthquake (2.0 ML) - SAFETY ADVICE: No action required: These micro-earthquakes are rarely felt and pose no danger. They are only detectable by seismographs.

[TH] แผ่นดินไหวระดับMicro (2.0 ML) - คำแนะนำความปลอดภัย: ไม่จำเป็นต้องดำเนินการใดๆ: แผ่นดินไหวขนาดเล็กมากเหล่านี้แทบจะไม่รู้สึกและไม่ก่อให้เกิดอันตราย สามารถตรวจพบได้โดยเครื่องวัดแผ่นดินไหวเท่านั้น"
"ประเทศเมียนมา Myanmar",https://earthquake.tmd.go.th/inside-info.html?earthquake=15300,19.713,96.281,13,2.8,2025-08-13T01:28:23.000Z,Asia/Bangkok,"[EN] Micro Earthquake (2.8 ML) - SAFETY ADVICE: No action required: These micro-earthquakes are rarely felt and pose no danger. They are only detectable by seismographs.

[TH] แผ่นดินไหวระดับMicro (2.8 ML) - คำแนะนำความปลอดภัย: ไม่จำเป็นต้องดำเนินการใดๆ: แผ่นดินไหวขนาดเล็กมากเหล่านี้แทบจะไม่รู้สึกและไม่ก่อให้เกิดอันตราย สามารถตรวจพบได้โดยเครื่องวัดแผ่นดินไหวเท่านั้น"
"ประเทศเมียนมา Myanmar",https://earthquake.tmd.go.th/inside-info.html?earthquake=15299,21.487,96.207,10,3.7,2025-08-12T12:46:58.000Z,Asia/Bangkok,"[EN] Minor Earthquake (3.7 ML) - SAFETY ADVICE: No special actions needed: Earthquake likely only felt by sensitive individuals at rest, especially on upper floors of buildings. Be mindful of your surroundings and stay informed.

[TH] แผ่นดินไหวระดับMinor (3.7 ML) - คำแนะนำความปลอดภัย: ไม่จำเป็นต้องดำเนินการพิเศษ: แผ่นดินไหวมักจะรู้สึกได้เฉพาะบุคคลที่ไวต่อความรู้สึกขณะพัก โดยเฉพาะบนชั้นบนของอาคาร ให้ระมัดระวังสิ่งรอบตัวและติดตามข้อมูล"
"ประเทศเมียนมา Myanmar",https://earthquake.tmd.go.th/inside-info.html?earthquake=15298,20.204,97.998,10,2.6,2025-08-12T09:15:48.000Z,Asia/Bangkok,"[EN] Micro Earthquake (2.6 ML) - SAFETY ADVICE: No action required: These micro-earthquakes are rarely felt and pose no danger. They are only detectable by seismographs.

[TH] แผ่นดินไหวระดับMicro (2.6 ML) - คำแนะนำความปลอดภัย: ไม่จำเป็นต้องดำเนินการใดๆ: แผ่นดินไหวขนาดเล็กมากเหล่านี้แทบจะไม่รู้สึกและไม่ก่อให้เกิดอันตราย สามารถตรวจพบได้โดยเครื่องวัดแผ่นดินไหวเท่านั้น"
"ประเทศเมียนมา Myanmar",https://earthquake.tmd.go.th/inside-info.html?earthquake=15297,21.346,96.167,10,2.9,2025-08-11T22:14:22.000Z,Asia/Bangkok,"[EN] Micro Earthquake (2.9 ML) - SAFETY ADVICE: No action required: These micro-earthquakes are rarely felt and pose no danger. They are only detectable by seismographs.

[TH] แผ่นดินไหวระดับMicro (2.9 ML) - คำแนะนำความปลอดภัย: ไม่จำเป็นต้องดำเนินการใดๆ: แผ่นดินไหวขนาดเล็กมากเหล่านี้แทบจะไม่รู้สึกและไม่ก่อให้เกิดอันตราย สามารถตรวจพบได้โดยเครื่องวัดแผ่นดินไหวเท่านั้น"
"ประเทศเมียนมา Myanmar",https://earthquake.tmd.go.th/inside-info.html?earthquake=15296,18.096,96.443,10,2.4,2025-08-11T19:30:17.000Z,Asia/Bangkok,"[EN] Micro Earthquake (2.4 ML) - SAFETY ADVICE: No action required: These micro-earthquakes are rarely felt and pose no danger. They are only detectable by seismographs.

[TH] แผ่นดินไหวระดับMicro (2.4 ML) - คำแนะนำความปลอดภัย: ไม่จำเป็นต้องดำเนินการใดๆ: แผ่นดินไหวขนาดเล็กมากเหล่านี้แทบจะไม่รู้สึกและไม่ก่อให้เกิดอันตราย สามารถตรวจพบได้โดยเครื่องวัดแผ่นดินไหวเท่านั้น"
"ประเทศเมียนมา Myanmar",https://earthquake.tmd.go.th/inside-info.html?earthquake=15295,20.071,98.083,10,1.8,2025-08-11T18:59:24.000Z,Asia/Bangkok,"[EN] Micro Earthquake (1.8 ML) - SAFETY ADVICE: No action required: These micro-earthquakes are rarely felt and pose no danger. They are only detectable by seismographs.

[TH] แผ่นดินไหวระดับMicro (1.8 ML) - คำแนะนำความปลอดภัย: ไม่จำเป็นต้องดำเนินการใดๆ: แผ่นดินไหวขนาดเล็กมากเหล่านี้แทบจะไม่รู้สึกและไม่ก่อให้เกิดอันตราย สามารถตรวจพบได้โดยเครื่องวัดแผ่นดินไหวเท่านั้น"
"ต.เมืองนะ อ.เชียงดาว จ.เชียงใหม่ Tambon  Mueang Na, Amphoe ChiangDao, ChiangMai",https://earthquake.tmd.go.th/inside-info.html?earthquake=15294,19.657,98.983,1,1.7,2025-08-11T14:30:29.000Z,Asia/Bangkok,"[EN] Micro Earthquake (1.7 ML) - SAFETY ADVICE: No action required: These micro-earthquakes are rarely felt and pose no danger. They are only detectable by seismographs.

[TH] แผ่นดินไหวระดับMicro (1.7 ML) - คำแนะนำความปลอดภัย: ไม่จำเป็นต้องดำเนินการใดๆ: แผ่นดินไหวขนาดเล็กมากเหล่านี้แทบจะไม่รู้สึกและไม่ก่อให้เกิดอันตราย สามารถตรวจพบได้โดยเครื่องวัดแผ่นดินไหวเท่านั้น"
"ต.เมืองนะ อ.เชียงดาว จ.เชียงใหม่ Tambon Mueang Na, Amphoe ChiangDao, ChiangMai",https://earthquake.tmd.go.th/inside-info.html?earthquake=15293,19.682,98.979,1,2.1,2025-08-11T14:17:31.000Z,Asia/Bangkok,"[EN] Micro Earthquake (2.1 ML) - SAFETY ADVICE: No action required: These micro-earthquakes are rarely felt and pose no danger. They are only detectable by seismographs.

[TH] แผ่นดินไหวระดับMicro (2.1 ML) - คำแนะนำความปลอดภัย: ไม่จำเป็นต้องดำเนินการใดๆ: แผ่นดินไหวขนาดเล็กมากเหล่านี้แทบจะไม่รู้สึกและไม่ก่อให้เกิดอันตราย สามารถตรวจพบได้โดยเครื่องวัดแผ่นดินไหวเท่านั้น"
"ใกล้ชายฝั่งทางตอนใต้ของประเทศเมียนมา Near South Coast of Myanmar",https://earthquake.tmd.go.th/inside-info.html?earthquake=15292,16.031,96.639,10,2.6,2025-08-11T06:13:33.000Z,Asia/Bangkok,"[EN] Micro Earthquake (2.6 ML) - SAFETY ADVICE: No action required: These micro-earthquakes are rarely felt and pose no danger. They are only detectable by seismographs.

[TH] แผ่นดินไหวระดับMicro (2.6 ML) - คำแนะนำความปลอดภัย: ไม่จำเป็นต้องดำเนินการใดๆ: แผ่นดินไหวขนาดเล็กมากเหล่านี้แทบจะไม่รู้สึกและไม่ก่อให้เกิดอันตราย สามารถตรวจพบได้โดยเครื่องวัดแผ่นดินไหวเท่านั้น"
"ประเทศเมียนมา Myanmar",https://earthquake.tmd.go.th/inside-info.html?earthquake=15291,22.057,96.413,10,2.8,2025-08-11T05:52:25.000Z,Asia/Bangkok,"[EN] Micro Earthquake (2.8 ML) - SAFETY ADVICE: No action required: These micro-earthquakes are rarely felt and pose no danger. They are only detectable by seismographs.

[TH] แผ่นดินไหวระดับMicro (2.8 ML) - คำแนะนำความปลอดภัย: ไม่จำเป็นต้องดำเนินการใดๆ: แผ่นดินไหวขนาดเล็กมากเหล่านี้แทบจะไม่รู้สึกและไม่ก่อให้เกิดอันตราย สามารถตรวจพบได้โดยเครื่องวัดแผ่นดินไหวเท่านั้น"
"ประเทศเมียนมา Myanmar",https://earthquake.tmd.go.th/inside-info.html?earthquake=15288,20.029,97.986,10,2,2025-08-11T01:46:39.000Z,Asia/Bangkok,"[EN] Micro Earthquake (2.0 ML) - SAFETY ADVICE: No action required: These micro-earthquakes are rarely felt and pose no danger. They are only detectable by seismographs.

[TH] แผ่นดินไหวระดับMicro (2.0 ML) - คำแนะนำความปลอดภัย: ไม่จำเป็นต้องดำเนินการใดๆ: แผ่นดินไหวขนาดเล็กมากเหล่านี้แทบจะไม่รู้สึกและไม่ก่อให้เกิดอันตราย สามารถตรวจพบได้โดยเครื่องวัดแผ่นดินไหวเท่านั้น"
"หมู่เกาะนิโคบาร์ ประเทศอินเดีย Nicobar Islands, India Region",https://earthquake.tmd.go.th/inside-info.html?earthquake=15290,9.399,94.31,10,4,2025-08-11T01:44:09.000Z,Asia/Bangkok,"[EN] Light Earthquake (4.0 ML) - SAFETY ADVICE: Stay alert: Be aware of possible light shaking. Secure loose objects that could fall. No immediate action typically needed, but be prepared to take cover if shaking intensifies.

[TH] แผ่นดินไหวระดับLight (4.0 ML) - คำแนะนำความปลอดภัย: เตรียมพร้อม: ระวังการสั่นไหวเล็กน้อยที่อาจเกิดขึ้น ยึดวัตถุที่อาจร่วงหล่น โดยทั่วไปไม่จำเป็นต้องดำเนินการทันที แต่เตรียมพร้อมที่จะหาที่กำบังหากการสั่นไหวรุนแรงขึ้น"
"หมู่เกาะนิโคบาร์ ประเทศอินเดีย Nicobar Islands, India Region",https://earthquake.tmd.go.th/inside-info.html?earthquake=15289,9.366,94.301,10,4,2025-08-11T01:30:52.000Z,Asia/Bangkok,"[EN] Light Earthquake (4.0 ML) - SAFETY ADVICE: Stay alert: Be aware of possible light shaking. Secure loose objects that could fall. No immediate action typically needed, but be prepared to take cover if shaking intensifies.

[TH] แผ่นดินไหวระดับLight (4.0 ML) - คำแนะนำความปลอดภัย: เตรียมพร้อม: ระวังการสั่นไหวเล็กน้อยที่อาจเกิดขึ้น ยึดวัตถุที่อาจร่วงหล่น โดยทั่วไปไม่จำเป็นต้องดำเนินการทันที แต่เตรียมพร้อมที่จะหาที่กำบังหากการสั่นไหวรุนแรงขึ้น"
"ประเทศเมียนมา Myanmar",https://earthquake.tmd.go.th/inside-info.html?earthquake=15287,19.668,96.54,10,2.9,2025-08-11T00:32:37.000Z,Asia/Bangkok,"[EN] Micro Earthquake (2.9 ML) - SAFETY ADVICE: No action required: These micro-earthquakes are rarely felt and pose no danger. They are only detectable by seismographs.

[TH] แผ่นดินไหวระดับMicro (2.9 ML) - คำแนะนำความปลอดภัย: ไม่จำเป็นต้องดำเนินการใดๆ: แผ่นดินไหวขนาดเล็กมากเหล่านี้แทบจะไม่รู้สึกและไม่ก่อให้เกิดอันตราย สามารถตรวจพบได้โดยเครื่องวัดแผ่นดินไหวเท่านั้น"
"ต.ห้วยผา อ.เมืองแม่ฮ่องสอน จ.แม่ฮ่องสอน Tambon Huai Pha, Amphoe MueangMaeHongSon, MaeHongSon",https://earthquake.tmd.go.th/inside-info.html?earthquake=15286,19.514,98.045,1,1.5,2025-08-10T20:41:02.000Z,Asia/Bangkok,"[EN] Micro Earthquake (1.5 ML) - SAFETY ADVICE: No action required: These micro-earthquakes are rarely felt and pose no danger. They are only detectable by seismographs.

[TH] แผ่นดินไหวระดับMicro (1.5 ML) - คำแนะนำความปลอดภัย: ไม่จำเป็นต้องดำเนินการใดๆ: แผ่นดินไหวขนาดเล็กมากเหล่านี้แทบจะไม่รู้สึกและไม่ก่อให้เกิดอันตราย สามารถตรวจพบได้โดยเครื่องวัดแผ่นดินไหวเท่านั้น"
"ประเทศเมียนมา Myanmar",https://earthquake.tmd.go.th/inside-info.html?earthquake=15285,20.03,97.968,10,1.8,2025-08-10T19:11:13.000Z,Asia/Bangkok,"[EN] Micro Earthquake (1.8 ML) - SAFETY ADVICE: No action required: These micro-earthquakes are rarely felt and pose no danger. They are only detectable by seismographs.

[TH] แผ่นดินไหวระดับMicro (1.8 ML) - คำแนะนำความปลอดภัย: ไม่จำเป็นต้องดำเนินการใดๆ: แผ่นดินไหวขนาดเล็กมากเหล่านี้แทบจะไม่รู้สึกและไม่ก่อให้เกิดอันตราย สามารถตรวจพบได้โดยเครื่องวัดแผ่นดินไหวเท่านั้น"
"ประเทศเมียนมา Myanmar",https://earthquake.tmd.go.th/inside-info.html?earthquake=15284,19.982,97.496,10,1.8,2025-08-10T18:50:55.000Z,Asia/Bangkok,"[EN] Micro Earthquake (1.8 ML) - SAFETY ADVICE: No action required: These micro-earthquakes are rarely felt and pose no danger. They are only detectable by seismographs.

[TH] แผ่นดินไหวระดับMicro (1.8 ML) - คำแนะนำความปลอดภัย: ไม่จำเป็นต้องดำเนินการใดๆ: แผ่นดินไหวขนาดเล็กมากเหล่านี้แทบจะไม่รู้สึกและไม่ก่อให้เกิดอันตราย สามารถตรวจพบได้โดยเครื่องวัดแผ่นดินไหวเท่านั้น"
"ประเทศเมียนมา Myanmar",https://earthquake.tmd.go.th/inside-info.html?earthquake=15283,18.029,96.518,10,3.3,2025-08-10T17:38:13.000Z,Asia/Bangkok,"[EN] Minor Earthquake (3.3 ML) - SAFETY ADVICE: No special actions needed: Earthquake likely only felt by sensitive individuals at rest, especially on upper floors of buildings. Be mindful of your surroundings and stay informed.

[TH] แผ่นดินไหวระดับMinor (3.3 ML) - คำแนะนำความปลอดภัย: ไม่จำเป็นต้องดำเนินการพิเศษ: แผ่นดินไหวมักจะรู้สึกได้เฉพาะบุคคลที่ไวต่อความรู้สึกขณะพัก โดยเฉพาะบนชั้นบนของอาคาร ให้ระมัดระวังสิ่งรอบตัวและติดตามข้อมูล"
"ประเทศเมียนมา Myanmar",https://earthquake.tmd.go.th/inside-info.html?earthquake=15282,21.962,96.597,10,3.6,2025-08-10T16:12:38.000Z,Asia/Bangkok,"[EN] Minor Earthquake (3.6 ML) - SAFETY ADVICE: No special actions needed: Earthquake likely only felt by sensitive individuals at rest, especially on upper floors of buildings. Be mindful of your surroundings and stay informed.

[TH] แผ่นดินไหวระดับMinor (3.6 ML) - คำแนะนำความปลอดภัย: ไม่จำเป็นต้องดำเนินการพิเศษ: แผ่นดินไหวมักจะรู้สึกได้เฉพาะบุคคลที่ไวต่อความรู้สึกขณะพัก โดยเฉพาะบนชั้นบนของอาคาร ให้ระมัดระวังสิ่งรอบตัวและติดตามข้อมูล"
"ประเทศเมียนมา Myanmar",https://earthquake.tmd.go.th/inside-info.html?earthquake=15281,19.869,97.413,10,2.1,2025-08-10T15:44:55.000Z,Asia/Bangkok,"[EN] Micro Earthquake (2.1 ML) - SAFETY ADVICE: No action required: These micro-earthquakes are rarely felt and pose no danger. They are only detectable by seismographs.

[TH] แผ่นดินไหวระดับMicro (2.1 ML) - คำแนะนำความปลอดภัย: ไม่จำเป็นต้องดำเนินการใดๆ: แผ่นดินไหวขนาดเล็กมากเหล่านี้แทบจะไม่รู้สึกและไม่ก่อให้เกิดอันตราย สามารถตรวจพบได้โดยเครื่องวัดแผ่นดินไหวเท่านั้น"
